Waktu_ms,BPM,SpO2,Suhu_SHT31,Kelembapan_SHT31
1036,0,0,0.00,0.00
2036,0,0,0.00,0.00
3037,0,0,0.00,0.00
4039,0,0,0.00,0.00
5040,0,0,0.00,0.00
6042,0,0,0.00,0.00
7044,0,0,0.00,0.00
8045,0,0,0.00,0.00
9047,0,0,0.00,0.00
10048,0,0,0.00,0.00
11050,0,0,0.00,0.00
12051,0,0,0.00,0.00
13053,0,0,0.00,0.00
14054,0,0,0.00,0.00
15056,0,0,0.00,0.00
16058,0,0,0.00,0.00
17059,0,0,0.00,0.00
18061,0,0,0.00,0.00
19062,0,0,0.00,0.00
20064,0,0,0.00,0.00
21065,0,0,0.00,0.00
22067,0,0,0.00,0.00
23069,0,0,0.00,0.00
24070,0,0,0.00,0.00
25072,0,0,0.00,0.00
26073,0,0,0.00,0.00
27075,0,0,0.00,0.00
28077,0,0,0.00,0.00
29078,0,0,0.00,0.00
30080,0,0,0.00,0.00
31081,0,0,0.00,0.00
32083,0,0,0.00,0.00
33084,0,0,0.00,0.00
34086,0,0,0.00,0.00
35087,0,0,0.00,0.00
36089,0,0,0.00,0.00
37090,0,0,0.00,0.00
38092,0,0,0.00,0.00
39094,0,0,0.00,0.00
40095,0,0,0.00,0.00
41097,0,0,0.00,0.00
42098,0,0,0.00,0.00
43100,0,0,0.00,0.00
44101,0,0,0.00,0.00
45103,0,0,0.00,0.00
46105,0,0,0.00,0.00
47106,0,0,0.00,0.00
48108,0,0,0.00,0.00
49109,0,0,0.00,0.00
50111,0,0,0.00,0.00
51112,0,0,0.00,0.00
52114,0,0,0.00,0.00
53116,0,0,0.00,0.00
54117,0,0,0.00,0.00
55119,0,0,0.00,0.00
56120,0,0,0.00,0.00
57122,0,0,0.00,0.00
58123,0,0,0.00,0.00
59125,0,0,0.00,0.00
60126,0,0,0.00,0.00
61128,0,0,0.00,0.00
62129,0,0,0.00,0.00
63131,0,0,0.00,0.00
64132,0,0,0.00,0.00
65134,0,0,0.00,0.00
66136,0,0,0.00,0.00
67137,0,0,0.00,0.00
68139,0,0,0.00,0.00
69140,0,0,0.00,0.00
70142,0,0,0.00,0.00
71143,0,0,0.00,0.00
72145,0,0,0.00,0.00
73147,0,0,0.00,0.00
74148,0,0,0.00,0.00
75150,0,0,0.00,0.00
76151,0,0,0.00,0.00
77153,0,0,0.00,0.00
78154,0,0,0.00,0.00
79156,0,0,0.00,0.00
80157,0,0,0.00,0.00
81159,0,0,0.00,0.00
82161,0,0,0.00,0.00
83162,0,0,0.00,0.00
84164,0,0,0.00,0.00
85165,0,0,0.00,0.00
86167,0,0,0.00,0.00
87168,0,0,0.00,0.00
88170,0,0,0.00,0.00
89171,0,0,0.00,0.00
90173,0,0,0.00,0.00
91174,0,0,0.00,0.00
92176,0,0,0.00,0.00
93177,0,0,0.00,0.00
94179,0,0,0.00,0.00
95180,0,0,0.00,0.00
96182,0,0,0.00,0.00
97183,0,0,0.00,0.00
98185,0,0,0.00,0.00
99186,0,0,0.00,0.00
100188,0,0,0.00,0.00
101189,0,0,0.00,0.00
102191,0,0,0.00,0.00
103192,0,0,0.00,0.00
104194,0,0,0.00,0.00
105195,0,0,0.00,0.00
106197,0,0,0.00,0.00
107198,0,0,0.00,0.00
108200,0,0,0.00,0.00
109201,0,0,0.00,0.00
110203,0,0,0.00,0.00
111204,0,0,0.00,0.00
112205,0,0,0.00,0.00
113207,0,0,0.00,0.00
114208,0,0,0.00,0.00
115210,0,0,0.00,0.00
116211,0,0,0.00,0.00
117213,0,0,0.00,0.00
118214,0,0,0.00,0.00
119216,0,0,0.00,0.00
120217,0,0,0.00,0.00
121219,0,0,0.00,0.00
122220,0,0,0.00,0.00
123222,0,0,0.00,0.00
124223,0,0,0.00,0.00
125225,0,0,0.00,0.00
126226,0,0,0.00,0.00
127228,0,0,0.00,0.00
128229,0,0,0.00,0.00
129231,0,0,0.00,0.00
130232,0,0,0.00,0.00
131234,0,0,0.00,0.00
132235,0,0,0.00,0.00
133237,0,0,0.00,0.00
134238,0,0,0.00,0.00
135240,0,0,0.00,0.00
136241,0,0,0.00,0.00
137243,0,0,0.00,0.00
138244,0,0,0.00,0.00
139246,0,0,0.00,0.00
140247,0,0,0.00,0.00
141249,0,0,0.00,0.00
142250,0,0,0.00,0.00
143252,0,0,0.00,0.00
144253,0,0,0.00,0.00
145255,0,0,0.00,0.00
146256,0,0,0.00,0.00
147258,0,0,0.00,0.00
148259,0,0,0.00,0.00
149261,0,0,0.00,0.00
150262,0,0,0.00,0.00
151264,0,0,0.00,0.00
152265,0,0,0.00,0.00
153267,0,0,0.00,0.00
154268,0,0,0.00,0.00
155270,0,0,0.00,0.00
156271,0,0,0.00,0.00
157273,0,0,0.00,0.00
158274,0,0,0.00,0.00
159276,0,0,0.00,0.00
160277,0,0,0.00,0.00
161279,0,0,0.00,0.00
162280,0,0,0.00,0.00
163282,0,0,0.00,0.00
164283,0,0,0.00,0.00
165285,0,0,0.00,0.00
166286,0,0,0.00,0.00
167288,0,0,0.00,0.00
168289,0,0,0.00,0.00
169291,0,0,0.00,0.00
170292,0,0,0.00,0.00
171294,0,0,0.00,0.00
172295,0,0,0.00,0.00
2015,0,0,0.00,0.00
3016,0,0,0.00,0.00
4017,0,0,0.00,0.00
5019,0,0,0.00,0.00
6020,0,0,0.00,0.00
7022,0,0,0.00,0.00
8023,0,0,0.00,0.00
9025,0,0,0.00,0.00
10026,0,0,0.00,0.00
11028,0,0,0.00,0.00
12029,0,0,0.00,0.00
13031,0,0,0.00,0.00
14033,0,0,0.00,0.00
15034,0,0,0.00,0.00
16036,0,0,0.00,0.00
17037,0,0,0.00,0.00
18039,0,0,0.00,0.00
19040,0,0,0.00,0.00
20042,0,0,0.00,0.00
21043,0,0,0.00,0.00
22045,0,0,0.00,0.00
23046,0,0,0.00,0.00
24048,0,0,0.00,0.00
25049,0,0,0.00,0.00
26051,0,0,0.00,0.00
27052,0,0,0.00,0.00
28054,0,0,22.81,64.07
29055,0,0,22.81,64.07
30057,0,0,22.81,64.07
31058,0,0,22.81,64.07
32060,0,0,22.81,64.07
33062,0,0,22.76,64.07
34063,0,0,22.76,64.07
35065,0,0,22.76,64.14
36066,0,0,22.76,64.14
37068,0,0,22.76,64.23
38069,0,0,22.76,64.23
39071,0,0,22.75,64.26
40072,0,0,22.75,64.26
41074,0,0,22.76,64.28
42076,0,0,22.76,64.28
43077,0,0,22.81,64.28
44079,0,0,22.81,64.28
45081,0,0,22.81,64.58
46082,0,0,22.81,64.58
47084,0,0,22.82,64.59
48086,0,0,22.82,64.59
49087,0,0,22.79,64.49
50089,0,0,22.79,64.49
51090,0,0,22.79,64.47
52092,0,0,22.79,64.47
53094,0,0,22.81,64.50
54095,0,0,22.81,64.50
55097,0,0,22.79,64.56
56099,0,0,22.79,64.56
57100,0,0,22.81,64.57
58102,0,0,22.81,64.57
59104,0,0,22.81,64.48
60106,0,0,22.81,64.48
61107,0,0,22.76,64.42
62109,0,0,22.76,64.42
63111,0,0,22.76,64.34
64114,0,0,22.76,64.34
65116,0,0,22.76,64.32
66118,0,0,22.76,64.32
67120,0,0,22.77,64.36
68122,0,0,22.77,64.36
69124,0,0,22.77,64.36
70126,0,0,22.73,64.45
71128,0,0,22.73,64.45
72130,0,0,22.76,64.46
73132,0,0,22.76,64.46
74134,0,0,22.77,64.42
75135,0,0,22.77,64.42
76137,0,0,22.77,64.40
77139,0,0,22.77,64.40
78141,0,0,22.79,64.36
79143,0,0,22.79,64.36
80145,0,0,22.77,64.35
81147,0,0,22.77,64.35
82149,0,0,22.77,64.38
83150,0,0,22.77,64.38
84152,0,0,22.75,64.46
85154,0,0,22.75,64.46
86156,0,0,22.75,64.46
87158,0,0,22.77,64.52
88159,0,0,22.77,64.52
89161,0,0,22.79,64.57
90163,0,0,22.79,64.57
91165,0,0,22.82,64.55
92166,0,0,22.82,64.55
93168,0,0,22.82,64.46
94170,0,0,22.82,64.46
95171,0,0,22.82,64.49
96173,0,0,22.82,64.49
97175,0,0,22.82,64.39
98177,0,0,22.82,64.39
99178,0,0,22.83,64.36
100180,0,0,22.83,64.36
101182,0,0,22.89,64.35
102183,0,0,22.89,64.35
103185,0,0,22.86,64.34
104187,0,0,22.86,64.34
105189,0,0,22.91,64.34
106190,0,0,22.91,64.34
107192,0,0,22.91,64.27
108194,0,0,22.91,64.27
109195,0,0,22.93,64.24
110197,0,0,22.93,64.24
111199,0,0,22.95,64.19
112200,0,0,22.95,64.19
113202,0,0,22.95,64.17
114204,0,0,22.95,64.17
115205,0,0,22.93,64.18
116207,0,0,22.93,64.18
117209,0,0,22.93,64.12
118210,0,0,22.93,64.12
119212,0,0,22.95,64.07
120214,0,0,22.95,64.07
121215,0,0,22.96,64.03
122217,0,0,22.96,64.03
123219,0,0,22.96,63.97
124221,0,0,22.96,63.97
125222,0,0,22.98,64.00
126224,0,0,22.98,64.00
127226,0,0,22.96,63.95
128227,0,0,22.96,63.95
129229,0,0,22.96,63.94
130231,0,0,22.96,63.94
131232,0,0,22.98,63.94
132234,0,0,22.98,63.94
133235,0,0,22.98,63.96
134237,0,0,22.98,63.96
135239,0,0,22.96,63.98
136240,0,0,22.96,63.98
137242,0,0,22.98,64.02
138244,0,0,22.98,64.02
139245,0,0,22.98,64.02
140247,0,0,22.96,64.06
141249,0,0,22.96,64.06
142251,0,0,22.96,64.26
143253,0,0,22.96,64.26
144255,0,0,22.93,64.50
145257,0,0,22.93,64.50
146259,0,0,22.95,64.38
147261,0,0,22.95,64.38
148263,0,76,22.96,64.28
149265,0,76,22.96,64.28
150267,0,76,22.96,64.22
151269,0,99,22.96,64.22
152271,0,99,22.95,64.19
153273,0,99,22.95,64.19
154275,0,99,22.96,64.13
155277,0,99,22.96,64.13
156279,0,99,22.98,64.12
157281,0,99,22.98,64.12
158283,0,99,22.98,64.08
159285,0,99,22.98,64.08
160287,0,99,22.99,64.13
161289,0,99,22.99,64.13
162291,0,99,22.98,64.07
163293,0,99,22.98,64.07
164295,0,99,22.96,64.08
165297,0,99,22.96,64.08
166299,0,100,22.99,64.07
167301,0,100,22.99,64.07
168303,0,100,22.99,64.09
169305,0,100,22.99,64.09
170307,0,100,22.99,64.11
171309,0,100,22.99,64.11
172311,0,100,23.00,64.08
173313,0,100,23.00,64.08
174315,0,100,22.95,64.11
175317,0,100,22.95,64.11
176319,0,0,22.95,64.13
177321,0,0,22.95,64.13
178324,0,0,22.98,64.12
179326,0,0,22.98,64.12
180328,0,0,22.96,64.11
181330,0,0,22.96,64.11
182332,0,0,22.93,64.12
183334,0,0,22.93,64.12
